Название товара,Цена,Ссылка
Распашной шкаф Кимбол 2-80x190 Белый,14990 руб.,https://www.divan.ru/product/raspashnoj-shkaf-kimbol-2-80-190-white
Стеллаж Бенсон-3 Black,6495 руб.,https://www.divan.ru/product/stellaj-benson-3-black
Распашной шкаф Велди 2-90x190 Белый,39990 руб.,https://www.divan.ru/product/raspashnoj-shkaf-veldi-2-milk
Стеллаж Блест 89x210 Оливковый,24990 руб.,https://www.divan.ru/product/stellaj-blest-1-olive
Стеллаж Дигарс 83x220 Терракотовый,34990 руб.,https://www.divan.ru/product/stellaj-digars-83x220-terrakotovyj
Распашной шкаф Висмар 2-103x240 Пепельный,26990 руб.,https://www.divan.ru/product/raspashnoj-shkaf-vismar-2-1-ash
Распашной шкаф Руффи 2-98x203 Белый,42990 руб.,https://www.divan.ru/product/raspashnoj-shkaf-ruffi-2-1-white
Распашной шкаф Луми 4-181x242 Латте,79990 руб.,https://www.divan.ru/product/shkaf-detskij-lumi-4-santiago
Стеллаж Эрвин 60x195 Терракотовый,19990 руб.,https://www.divan.ru/product/stellaj-ervin-1-terra
Распашной шкаф Монсон 3-135x222 Белый,69990 руб.,https://www.divan.ru/product/raspashnoj-shkaf-monson-3-milk
Стеллаж Дигарс 43x220 Графитовый,20990 руб.,https://www.divan.ru/product/stellaj-digars-43x220-grafitovyj
Шкаф детский Виоли-1 White,10995 руб.,https://www.divan.ru/product/shkaf-detskij-violi-1-white
Шкаф детский Кейла-2 White,10995 руб.,https://www.divan.ru/product/shkaf-detskij-kejla-2-white
Шкаф навесной Шелтон 1-35x166 Белый,9990 руб.,https://www.divan.ru/product/shkaf-navesnoj-shelton-1-milk
Шкаф детский Трикси 2-71x190 Мишки ​,24990 руб.,https://www.divan.ru/product/shkaf-detskij-triksi-2-bears
Распашной шкаф Висмар 4-204x240 Пепельный,44990 руб.,https://www.divan.ru/product/raspashnoj-shkaf-vismar-4-1-ash
Стеллаж Рошаль 86x190 Ротанг,27990 руб.,https://www.divan.ru/product/stellaj-roshal-wood
Распашной шкаф Велди 2-90x190 Латте,39990 руб.,https://www.divan.ru/product/raspashnoj-shkaf-veldi-2-santiago
Стеллаж Дигарс 43x220 Оливковый,24990 руб.,https://www.divan.ru/product/stellaj-digars-43x220-olivkovyj
Распашной шкаф Висмар 2-103x240 Графитовый,27990 руб.,https://www.divan.ru/product/raspashnoj-shkaf-vismar-2-1-grafit
Распашной шкаф Анджи 2-93x195 Береза,44990 руб.,https://www.divan.ru/product/raspashnoj-shkaf-andji-2-plywood
Стеллаж Харис 100x80 Черный,14990 руб.,https://www.divan.ru/product/stellaj-haris-black
Стеллаж Я не пустой 160x130 Оливковый,42990 руб.,https://www.divan.ru/product/stellaj-i-am-not-empty-3-olive
Стеллаж Трейвис 84x205 Латте,42990 руб.,https://www.divan.ru/product/stellaj-trejvis-2-santiago
Стеллаж Дигарс 83x220 Оливковый,34990 руб.,https://www.divan.ru/product/stellaj-digars-83x220-olivkovyj
Стеллаж детский Финни 85x142 Светло-бежевый,19990 руб.,https://www.divan.ru/product/stellaj-detskij-finni-3-paloma
Стеллаж Эрвин 60x195 Оливковый,19990 руб.,https://www.divan.ru/product/stellaj-ervin-1-olive
Распашной шкаф Пенни 2-90x190 Белый,21990 руб.,https://www.divan.ru/product/raspashnoj-shkaf-penni-2-plywood-white
Распашной шкаф Квелен 3-144x220 Латте,56990 руб.,https://www.divan.ru/product/raspashnoj-shkaf-kvelen-3-latte
Стеллаж Драммен 2-35x93 Оливковый,2995 руб.,https://www.divan.ru/product/stellaj-drammen-2-olive
Стеллаж Дигарс 43x220 Латте,22990 руб.,https://www.divan.ru/product/stellaj-digars-43x220-latte
Распашной шкаф Монсон 2-90x222 Терракотовый,49990 руб.,https://www.divan.ru/product/raspashnoj-shkaf-monson-2-terracota
Распашной шкаф Тинд-1,29990 руб.,https://www.divan.ru/product/raspashnoj-shkaf-tind-1
Шкаф навесной Шелтон 1-35x166 Латте,11990 руб.,https://www.divan.ru/product/shkaf-navesnoj-shelton-1-latte
Шкаф детский Трикси 3-105x190 Мишки ​,37990 руб.,https://www.divan.ru/product/shkaf-detskij-triksi-3-bears
Распашной шкаф Рошаль 2-86x190 Ротанг,49990 руб.,https://www.divan.ru/product/raspashnoj-shkaf-roshal-2-90-190-wood
Распашной шкаф Трейвис 4-181x205 Латте,69990 руб.,https://www.divan.ru/product/raspashnoj-shkaf-trejvis-4-santiago
Распашной шкаф Висмар 3-153x240 Темно-зеленый,37990 руб.,https://www.divan.ru/product/raspashnoj-shkaf-vismar-3-1-forest
Стеллаж Дигарс 83x220 Латте,32990 руб.,https://www.divan.ru/product/stellaj-digars-83x220-latte
Стеллаж Драммен 2-35x93 Терракотовый,2995 руб.,https://www.divan.ru/product/stellaj-drammen-2-terra
Шкаф-купе Беррингтон 2-120x210 Латте,74990 руб.,https://www.divan.ru/product/shkaf-kupe-berrington-2-120-210-santiago
Распашной шкаф Квелен 3-144x220 Оливковый,56990 руб.,https://www.divan.ru/product/raspashnoj-shkaf-kvelen-3-olive
Распашной шкаф Пенни 2-90x190 Латте,21990 руб.,https://www.divan.ru/product/raspashnoj-shkaf-penni-2-plywood-latte
Распашной шкаф Монсон 3-135x222 Латте,69990 руб.,https://www.divan.ru/product/raspashnoj-shkaf-monson-3-santiago
Стеллаж Дигарс 83x220 Графитовый,29990 руб.,https://www.divan.ru/product/stellaj-digars-83x220-grafitovyj
